{"cameraMode":{"drawMode":0,"name":"Shaded","section":"Shading Mode"},"sceneLighting":true,"audioPlay":false,"sceneViewState":{"showFog":false,"showMaterialUpdate":false,"showSkybox":false,"showFlares":false,"showImageEffects":false,"showParticleSystems":true},"in2DMode":false,"pivot":{"x":4.472597599029541,"y":-1.6559226512908936,"z":-13.325511932373047},"rotation":{"x":0.07778865098953247,"y":0.8200280070304871,"z":0.11488287895917893,"w":-0.5552520751953125},"size":35.68381881713867,"orthographic":false}