{"cameraMode":{"drawMode":0,"name":"Shaded","section":"Shading Mode"},"sceneLighting":true,"audioPlay":false,"sceneViewState":{"showFog":false,"showMaterialUpdate":false,"showSkybox":false,"showFlares":false,"showImageEffects":false,"showParticleSystems":true},"in2DMode":false,"pivot":{"x":-12.121833801269532,"y":-3.6097426414489748,"z":-15.07390022277832},"rotation":{"x":0.003887269413098693,"y":0.8412312865257263,"z":0.006048767361789942,"w":-0.540627658367157},"size":55.15144348144531,"orthographic":false}