{"cameraMode":{"drawMode":0,"name":"Shaded","section":"Shading Mode"},"sceneLighting":true,"audioPlay":false,"sceneViewState":{"showFog":false,"showMaterialUpdate":false,"showSkybox":false,"showFlares":false,"showImageEffects":false,"showParticleSystems":true},"in2DMode":false,"pivot":{"x":-2.6716384887695314,"y":-0.2418365478515625,"z":2.376312255859375},"rotation":{"x":0.08035358041524887,"y":0.8073285222053528,"z":0.11310365796089173,"w":-0.5735604166984558},"size":35.68381881713867,"orthographic":false}