{"cameraMode":{"drawMode":0,"name":"Shaded","section":"Shading Mode"},"sceneLighting":true,"audioPlay":false,"sceneViewState":{"showFog":false,"showMaterialUpdate":false,"showSkybox":false,"showFlares":false,"showImageEffects":false,"showParticleSystems":true},"in2DMode":false,"pivot":{"x":31.848472595214845,"y":0.0590226948261261,"z":-17.45099449157715},"rotation":{"x":-0.012417138554155827,"y":0.8385928869247437,"z":-0.019131332635879518,"w":-0.544281005859375},"size":5.573920726776123,"orthographic":false}