{"cameraMode":{"drawMode":0,"name":"Shaded","section":"Shading Mode"},"sceneLighting":true,"audioPlay":false,"sceneViewState":{"showFog":false,"showMaterialUpdate":false,"showSkybox":false,"showFlares":false,"showImageEffects":false,"showParticleSystems":true},"in2DMode":false,"pivot":{"x":-2.2305209636688234,"y":15.722171783447266,"z":-4.119853973388672},"rotation":{"x":-0.004161967895925045,"y":0.9905783534049988,"z":-0.13334688544273377,"w":-0.030916718766093255},"size":69.81431579589844,"orthographic":false}