{"cameraMode":{"drawMode":0,"name":"Shaded","section":"Shading Mode"},"sceneLighting":true,"audioPlay":false,"sceneViewState":{"showFog":false,"showMaterialUpdate":false,"showSkybox":false,"showFlares":false,"showImageEffects":false,"showParticleSystems":true},"in2DMode":false,"pivot":{"x":28.012306213378908,"y":22.672603607177736,"z":36.21201705932617},"rotation":{"x":-0.05443325266242027,"y":0.8589044809341431,"z":-0.09339413046836853,"w":-0.500597357749939},"size":23.60895347595215,"orthographic":false}