{"cameraMode":{"drawMode":0,"name":"Shaded","section":"Shading Mode"},"sceneLighting":true,"audioPlay":false,"sceneViewState":{"showFog":false,"showMaterialUpdate":false,"showSkybox":false,"showFlares":false,"showImageEffects":false,"showParticleSystems":true},"in2DMode":false,"pivot":{"x":-1.9252042770385743,"y":16.564102172851564,"z":7.827876091003418},"rotation":{"x":-0.008498342707753182,"y":0.9855790734291077,"z":-0.052096571773290637,"w":-0.16077211499214173},"size":19.41545295715332,"orthographic":false}