{"cameraMode":{"drawMode":0,"name":"Shaded","section":"Shading Mode"},"sceneLighting":true,"audioPlay":false,"sceneViewState":{"showFog":false,"showMaterialUpdate":false,"showSkybox":false,"showFlares":false,"showImageEffects":false,"showParticleSystems":true},"in2DMode":false,"pivot":{"x":1.3647255897521973,"y":11.528359413146973,"z":1.8489196300506592},"rotation":{"x":0.07778865098953247,"y":0.8200280070304871,"z":0.11488287895917893,"w":-0.5552520751953125},"size":7.226977825164795,"orthographic":false}