{"cameraMode":{"drawMode":0,"name":"Shaded","section":"Shading Mode"},"sceneLighting":true,"audioPlay":false,"sceneViewState":{"showFog":false,"showMaterialUpdate":false,"showSkybox":false,"showFlares":false,"showImageEffects":false,"showParticleSystems":true},"in2DMode":false,"pivot":{"x":-2.7545948028564455,"y":-8.037507057189942,"z":3.4083118438720705},"rotation":{"x":0.014069651253521443,"y":0.9108358025550842,"z":0.03115384839475155,"w":-0.41135114431381228},"size":31.85828399658203,"orthographic":false}